<?xml version="1.0" encoding="UTF-8"?>
<!DOCTYPE mapper PUBLIC "-//mybatis.org//DTD Mapper 3.0//EN"  "http://mybatis.org/dtd/mybatis-3-mapper.dtd">
<mapper namespace="com.example.demo.admin.AdminMapper">

<select id="getDae" resultType="com.example.demo.vo.DaeVo">
	select * from dae order by no asc
</select>

<select id="getJung" resultType="com.example.demo.vo.JungVo">
	select * from jung where daecode=#{param} order by no asc
</select>

<select id="getPcode">
	select ifnull(max(right(pcode,3))+1,'1') from product where pcode like concat(#{param},'%')
</select>

<insert id="productAddOk" parameterType="com.example.demo.vo.ProductVo">
	insert into product(pcode,pimg,cimg,title,price,su,size,color,halin,juk,btime,bprice,writeday)
	values(#{pcode},#{pimg},#{cimg},#{title},#{price},#{su},#{size},#{color},#{halin},#{juk},
	#{btime},#{bprice},now())
</insert>

</mapper>